<?xml version="1.0" encoding="UTF-8"?>
<Akademik author="Maribelajarcoding">
     <mahasiswa>
         <no>1</no>
         <namalengkap>Jeremia Pane</namalengkap>
         <jeniskelamin>Laki- Laki</jeniskelamin>
         <alamat>Jln Pertahanan no 11</alamat>
     </mahasiswa>
     <mahasiswa>
         <no>2</no>
         <namalengkap>Luthfi Ahmad Rifqi</namalengkap>
         <jeniskelamin>Laki- Laki</jeniskelamin>
         <alamat>Jln Amal No.42E</alamat>
     </mahasiswa>
     <mahasiswa>
         <no>3</no>
         <namalengkap>Anehas Sitepu</namalengkap>
         <jeniskelamin>Laki- Laki</jeniskelamin>
         <alamat>Jln Kabanjahe No.36</alamat>
     </mahasiswa>
     <mahasiswa>
         <no>4</no>
         <namalengkap>Ivan Velix Marpaung</namalengkap>
         <jeniskelamin>Laki- Laki</jeniskelamin>
         <alamat>Jln. sidomulyo Dusun 3 Desa </alamat>
     </mahasiswa>
     <mahasiswa>
         <no>5</no>
         <namalengkap>Fikry Dian Anugerah</namalengkap>
         <jeniskelamin>Laki- Laki</jeniskelamin>
         <alamat>Jln Sei Asahan No 23B</alamat>
     </mahasiswa>
</Akademik>